"location","iso_code","last_observation_date","source_name","source_website","tipo","manufactured"
"Afghanistan","AFG","2021-04-22","Government of Afghanistan","https://reliefweb.int/report/afghanistan/afghanistan-strategic-situation-report-covid-19-no-95-22-april-2021","vaccines1","Oxford/AstraZeneca"
"Albania","ALB","2021-05-08","Ministry of Health","https://twitter.com/GManastirliu/status/1391104178743828484","vaccines1","Oxford/AstraZeneca"
"Algeria","DZA","2021-02-19","Ministry of Health","https://www.echoroukonline.com/%d9%84%d9%82%d8%a7%d8%ad-%d9%83%d9%88%d8%b1%d9%88%d9%86%d8%a7-%d8%b9%d8%b6%d9%88-%d8%a8%d8%a7%d9%84%d9%84%d8%ac%d9%86%d8%a9-%d8%a7%d9%84%d8%b9%d9%84%d9%85%d9%8a%d8%a9-%d9%8a%d9%83%d8%b4%d9%81-%d8%b9/","vaccines1","Sputnik V"
"Andorra","AND","2021-05-03","Government of Andorra","https://www.govern.ad/covid19_newsletter/","vaccines1","Oxford/AstraZeneca"
"Angola","AGO","2021-04-23","Ministry of Health","https://www.angop.ao/en/noticias/saude/covid-19-angola-com-456.349-cidadaos-vacinados/","vaccines1","Oxford/AstraZeneca"
"Anguilla","AIA","2021-04-22","Ministry of Health","https://www.travelpulse.com/news/impacting-travel/new-covid-19-case-prompts-14-day-anguilla-closure.html","vaccines1","Oxford/AstraZeneca"
"Antigua and Barbuda","ATG","2021-04-22","Ministry of Health","https://www.facebook.com/investingforwellness/photos/a.259371477836167/1151870888586217/","vaccines1","Oxford/AstraZeneca"
"Argentina","ARG","2021-05-09","Ministry of Health","http://datos.salud.gob.ar/dataset/vacunas-contra-covid-19-dosis-aplicadas-en-la-republica-argentina","vaccines1","Oxford/AstraZeneca"
"Armenia","ARM","2021-03-31","Ministry of Health","https://rus.azatutyun.am/a/31180204.html","vaccines1","Sputnik V"
"Aruba","ABW","2021-05-08","Government of Aruba","https://www.government.aw","vaccines1","Pfizer/BioNTech"
"Australia","AUS","2021-05-09","Government of Australia via covidlive.com.au","https://covidlive.com.au/vaccinations","vaccines1","Oxford/AstraZeneca"
"Austria","AUT","2021-05-09","Ministry of Health","https://info.gesundheitsministerium.gv.at/opendata/","vaccines1","Johnson&Johnson"
"Azerbaijan","AZE","2021-05-09","Government of Azerbaijan","https://koronavirusinfo.az","vaccines1","Oxford/AstraZeneca"
"Bahamas","BHS","2021-04-27","Government of the Bahamas","https://opm.gov.bs/covid-19-vaccinations-now-open-to-18-and-older/","vaccines1","Oxford/AstraZeneca"
"Bahrain","BHR","2021-05-09","Ministry of Health","https://healthalert.gov.bh/en/","vaccines1","Oxford/AstraZeneca"
"Bangladesh","BGD","2021-05-09","Directorate General of Health Services","https://dghs.gov.bd/images/docs/vpr/Covid-19-Vaccination-Update-9-5-2021.pdf","vaccines1","Oxford/AstraZeneca"
"Barbados","BRB","2021-05-08","Ministry of Health","https://www.facebook.com/moh.barbados/photos/a.768944336470972/4184800708218634/","vaccines1","Oxford/AstraZeneca"
"Belarus","BLR","2021-04-23","Ministry of Health","https://eng.belta.by/society/view/belarus-covid-19-update-1735-new-cases-1733-recoveries-139354-2021/","vaccines1","Sputnik V"
"Belgium","BEL","2021-05-08","Sciensano","https://epistat.wiv-isp.be/covid/","vaccines1","Johnson&Johnson"
"Belize","BLZ","2021-05-07","Ministry of Health","https://www.facebook.com/Belizehealth/photos/a.1410495949248816/2680410358924029/","vaccines1","Oxford/AstraZeneca"
"Bermuda","BMU","2021-05-02","Government of Bermuda","https://www.royalgazette.com/health/news/article/20210506/live-covid-19-press-conference-at-5-30pm/","vaccines1","Pfizer/BioNTech"
"Bhutan","BTN","2021-05-08","Ministry of Health","https://www.facebook.com/MoHBhutan/photos/a.999012646827018/4143304109064507/","vaccines1","Oxford/AstraZeneca"
"Bolivia","BOL","2021-05-03","Ministry of Health","https://twitter.com/SaludDeportesBo/status/1389392032800690177","vaccines1","Oxford/AstraZeneca"
"Bosnia and Herzegovina","BIH","2021-04-27","Public Health Institute","https://www.klix.ba/vijesti/bih/kanton-sarajevo-ima-najveci-broj-vakcinisanih-u-odnosu-na-ostatak-federacije-bih/210501073","vaccines1","Oxford/AstraZeneca"
"Botswana","BWA","2021-04-30","Ministry of Health and Wellness","https://www.facebook.com/BotswanaGovernment/posts/3969222726493689","vaccines1","Oxford/AstraZeneca"
"Brazil","BRA","2021-05-07","Ministry of Health","https://qsprod.saude.gov.br/extensions/DEMAS_C19Vacina/DEMAS_C19Vacina.html","vaccines1","Oxford/AstraZeneca"
"Brunei","BRN","2021-04-23","Ministry of Health","https://borneobulletin.com.bn/innoculation-drive-senior-citizens-begins-tomorrow-2/","vaccines1","Oxford/AstraZeneca"
"Bulgaria","BGR","2021-05-09","Ministry of Health","https://coronavirus.bg/bg/statistika","vaccines1","Moderna"
"Cambodia","KHM","2021-05-09","Ministry of Health","http://www.freshnewsasia.com/index.php/en/localnews/197176-2021-05-09-14-50-30.html","vaccines1","Oxford/AstraZeneca"
"Cameroon","CMR","2021-04-29","Medical Council","https://www.journalducameroun.com/en/cameroon-over-11000-already-vaccinated-against-covid-19/","vaccines1","Sinopharm/Beijing"
"Canada","CAN","2021-05-09","Official data from provinces via covid19tracker.ca","https://covid19tracker.ca/vaccinationtracker.html","vaccines1","Moderna"
"Cape Verde","CPV","2021-03-24","Government of Cape Verde","https://www.noticiasaominuto.com/mundo/1718730/cabo-verde-vacinou-mais-de-metade-dos-profissionais-de-saude-numa-semana","vaccines1","Oxford/AstraZeneca"
"Cayman Islands","CYM","2021-05-07","Cayman Islands Government","https://www.exploregov.ky/coronavirus-statistics","vaccines1","Oxford/AstraZeneca"
"Chile","CHL","2021-05-08","Department of Statistics and Health Information","https://www.gob.cl/yomevacuno/","vaccines1","Oxford/AstraZeneca"
"China","CHN","2021-05-09","National Health Commission","http://www.nhc.gov.cn/xcs/yqjzqk/202105/cd31bab9052a447eae2d1388a9cf601d.shtml","vaccines1","Sinopharm/Beijing"
"Colombia","COL","2021-05-07","Ministry of Health","https://www.minsalud.gov.co/salud/publica/Vacunacion/Paginas/Vacunacion-covid-19.aspx","vaccines1","Oxford/AstraZeneca"
"Comoros","COM","2021-04-21","Ministry of Health","https://alwatwan.net/sante/campagne-de-vaccination-covid-19-i-des-chiffres-mitig%C3%A9s-en-10-jours.html?fbclid=IwAR3b8835KC-BH55lxYTqTA9c-7U5U-o9py9ewktOkp6gdzBsHNkGI9bLCW8","vaccines1","Oxford/AstraZeneca"
"Congo","COG","2021-04-14","Government of the Republic of Congo","https://gouvernement.cg/coronavirus-communique-de-la-coordination-nationale-de-gestion-de-la-pandemie-de-coronavirus-covid-19-suite-a-sa-reunion-du-mercredi-14-avril-2021/","vaccines1","Sinopharm/Beijing"
"Costa Rica","CRI","2021-05-03","Costa Rican Social Security Fund","https://www.ccss.sa.cr/web/coronavirus/vacunacion","vaccines1","Oxford/AstraZeneca"
"Cote d'Ivoire","CIV","2021-05-09","Ministry of Health and Public Hygiene","https://www.facebook.com/mshpcmu/posts/1897980657034286","vaccines1","Oxford/AstraZeneca"
"Croatia","HRV","2021-05-09","Ministry of Health","https://www.koronavirus.hr/najnovije/253-nova-slucaja-u-protekla-24-sata-u-bolnicama-ukupno-2-033-osobe/35","vaccines1","Moderna"
"Curacao","CUW","2021-05-09","Government of Curacao","https://bakuna.cw/","vaccines1","Moderna"
"Cyprus","CYP","2021-05-06","Government of Cyprus","https://www.moh.gov.cy/moh/moh.nsf/All/0EFA027144C9E54AC22586BE0032B2F5","vaccines1","Pfizer/BioNTech"
"Czechia","CZE","2021-05-09","Ministry of Health","https://onemocneni-aktualne.mzcr.cz/covid-19","vaccines1","Johnson&Johnson"
"Democratic Republic of Congo","COD","2021-04-25","Ministry of Health","https://www.theeastafrican.co.ke/tea/rest-of-africa/drc-to-return-vaccines-3380784","vaccines1","Oxford/AstraZeneca"
"Denmark","DNK","2021-05-08","Statens Serum Institute","https://covid19.ssi.dk/overvagningsdata/vaccinationstilslutning","vaccines1","Moderna"
"Djibouti","DJI","2021-04-17","Présidence de la République de Djibouti","https://reliefweb.int/report/iran-islamic-republic/covid-19-situation-updates-week-15-11-17-april-2021","vaccines1","Oxford/AstraZeneca"
"Dominica","DMA","2021-05-07","Government of Dominica","https://www.facebook.com/MinistryOfHealthDominica/photos/a.105730227736978/308281694148496/?type=3&source=48","vaccines1","Oxford/AstraZeneca"
"Dominican Republic","DOM","2021-05-08","Ministry of Public Health","https://vacunate.gob.do/","vaccines1","Oxford/AstraZeneca"
"Ecuador","ECU","2021-05-07","Government of Ecuador via Ecuacovid","https://github.com/andrab/ecuacovid","vaccines1","Oxford/AstraZeneca"
"Egypt","EGY","2021-04-18","Ministry of Health","https://english.ahram.org.eg/NewsContent/1/64/409875/Egypt/Politics-/Egypt-to-produce--mln-doses-of-Sinovac-coronavirus.aspx","vaccines1","Oxford/AstraZeneca"
"El Salvador","SLV","2021-05-06","Ministry of Health","https://covid19.gob.sv/","vaccines1","Oxford/AstraZeneca"
"England","OWID_ENG","2021-05-08","Government of the United Kingdom","https://coronavirus.data.gov.uk/details/healthcare","vaccines1","Moderna"
"Equatorial Guinea","GNQ","2021-04-28","Ministry of Health","https://guineasalud.org/estadisticas/","vaccines1","Sinopharm/Beijing"
"Estonia","EST","2021-05-09","National Health Board","https://opendata.digilugu.ee","vaccines1","Moderna"
"Eswatini","SWZ","2021-04-25","Government of Eswatini","https://twitter.com/EswatiniGovern1/status/1386367464636833795","vaccines1","Oxford/AstraZeneca"
"Ethiopia","ETH","2021-05-05","Ministry of Health","https://twitter.com/FMoHealth/status/1390004366476709897?s=20","vaccines1","Oxford/AstraZeneca"
"Faeroe Islands","FRO","2021-05-09","Government of the Faeroe Islands","https://corona.fo/api","vaccines1","Moderna"
"Falkland Islands","FLK","2021-04-14","Government of the Falkland Islands","https://www.facebook.com/FalkIandsGov/posts/4401230323224594","vaccines1","Oxford/AstraZeneca"
"Fiji","FJI","2021-04-16","Ministry of Health","https://twitter.com/FijiPM/status/1382948915968823298","vaccines1","Oxford/AstraZeneca"
"Finland","FIN","2021-05-08","Finnish Institute for Health and Welfare","https://sampo.thl.fi/pivot/prod/en/vaccreg/cov19cov/fact_cov19cov?column=measure-533185.533172.433796.533175&row=cov_vac_dose-533174L","vaccines1","Moderna"
"France","FRA","2021-05-08","Public Health France","https://www.data.gouv.fr/fr/datasets/donnees-relatives-aux-personnes-vaccinees-contre-la-covid-19-1/","vaccines1","Johnson&Johnson"
"Gabon","GAB","2021-04-23","Ministry of Health","https://twitter.com/SanteGOUVGA/status/1385685719537143809","vaccines1","Sinopharm/Beijing"
"Gambia","GMB","2021-04-24","Ministry of Health","https://twitter.com/MoHCovid19GMB/status/1386066550675976194","vaccines1","Oxford/AstraZeneca"
"Georgia","GEO","2021-05-08","Government of Georgia","https://www.facebook.com/ncdcgeorgia/posts/3974480665973167","vaccines1","Oxford/AstraZeneca"
"Germany","DEU","2021-05-07","Robert Koch Institut","https://impfdashboard.de/","vaccines1","Johnson&Johnson"
"Ghana","GHA","2021-04-30","Government of Ghana","https://www.ghanahealthservice.org/covid19/press-releases.php","vaccines1","Oxford/AstraZeneca"
"Gibraltar","GIB","2021-05-08","Government of Gibraltar","https://twitter.com/GibraltarGov/status/1390980520700428288","vaccines1","Pfizer/BioNTech"
"Greece","GRC","2021-05-08","Ministry of Health","https://www.data.gov.gr/datasets/mdg_emvolio/","vaccines1","Moderna"
"Greenland","GRL","2021-05-07","Government of Greenland","https://corona.nun.gl/emner/statistik/antal_vaccinerede","vaccines1","Pfizer/BioNTech"
"Grenada","GRD","2021-05-06","Government of Grenada","https://gov.gd/prime-minister-engages-religious-leaders-covid-19-vaccination","vaccines1","Oxford/AstraZeneca"
"Guatemala","GTM","2021-05-08","Ministry of Health","https://gtmvigilanciacovid.shinyapps.io/3869aac0fb95d6baf2c80f19f2da5f98","vaccines1","Moderna"
"Guernsey","GGY","2021-04-20","Government of Guernsey","https://covid19.gov.gg/guidance/vaccine/stats","vaccines1","Oxford/AstraZeneca"
"Guinea","GIN","2021-05-07","National Health Security Agency","https://twitter.com/anss_guinee/status/1390961687881261057","vaccines1","Sputnik V"
"Guyana","GUY","2021-05-06","Ministry of Health","https://www.facebook.com/mohguyana/photos/a.1505704143066460/2599199210383609/","vaccines1","Oxford/AstraZeneca"
"Honduras","HND","2021-04-09","Government of Honduras","https://proceso.hn/honduras-a-la-zaga-en-vacunacion-en-ca/","vaccines1","Moderna"
"Hong Kong","HKG","2021-05-09","Government of Hong Kong","https://www.covidvaccine.gov.hk/en/dashboard","vaccines1","Pfizer/BioNTech"
"Hungary","HUN","2021-05-09","Government of Hungary","https://koronavirus.gov.hu/cikkek/4-millio-306-ezer-beoltott-677-az-uj-fertozott-elhunyt-91-beteg","vaccines1","Moderna"
"Iceland","ISL","2021-05-07","Directorate of Health","https://www.covid.is/tolulegar-upplysingar-boluefni","vaccines1","Moderna"
"India","IND","2021-05-09","Government of India","https://dashboard.cowin.gov.in/","vaccines1","Covaxin"
"Indonesia","IDN","2021-05-09","Ministry of Health","https://vaksin.kemkes.go.id/#/vaccines","vaccines1","Oxford/AstraZeneca"
"Iran","IRN","2021-05-07","Government of Iran","https://www.farsnews.ir/news/14000217000358","vaccines1","Oxford/AstraZeneca"
"Iraq","IRQ","2021-04-23","Ministry of Health","https://www.kuna.net.kw/ArticleDetails.aspx?id=2973540&language=en","vaccines1","Oxford/AstraZeneca"
"Ireland","IRL","2021-05-07","Heath Service Executive","https://covid19ireland-geohive.hub.arcgis.com/","vaccines1","Johnson&Johnson"
"Isle of Man","IMN","2021-05-09","Isle of Man Government","https://covid19.gov.im/general-information/covid-19-vaccination-statistics/","vaccines1","Oxford/AstraZeneca"
"Israel","ISR","2021-05-09","Government of Israel","https://datadashboard.health.gov.il/COVID-19/general","vaccines1","Moderna"
"Italy","ITA","2021-05-09","Extraordinary commissioner for the Covid-19 emergency","https://raw.githubusercontent.com/italia/covid19-opendata-vaccini/master/dati/somministrazioni-vaccini-latest.csv","vaccines1","Johnson&Johnson"
"Jamaica","JAM","2021-04-13","Government of Jamaica","http://jamaica-gleaner.com/article/lead-stories/20210415/vaxxed-max","vaccines1","Oxford/AstraZeneca"
"Japan","JPN","2021-05-09","Prime Minister's Office","https://www.kantei.go.jp/jp/headline/kansensho/vaccine.html","vaccines1","Pfizer/BioNTech"
"Jersey","JEY","2021-05-02","Government of Jersey","https://www.gov.je/Health/Coronavirus/Vaccine/Pages/VaccinationStatistics.aspx","vaccines1","Oxford/AstraZeneca"
"Jordan","JOR","2021-05-04","Government of Jordan","https://www.facebook.com/ncscmjordan/photos/a.388629101483029/1436628866683042","vaccines1","Pfizer/BioNTech"
"Kazakhstan","KAZ","2021-05-07","Government of Kazakhstan","https://www.coronavirus2020.kz/","vaccines1","Sputnik V"
"Kenya","KEN","2021-04-28","Ministry of Health","https://www.aa.com.tr/en/latest-on-coronavirus-outbreak/kenya-confirms-23-new-covid-19-deaths-over-800-cases/2223734","vaccines1","Oxford/AstraZeneca"
"Kosovo","OWID_KOS","2021-04-23","Ministry of Health","https://www.facebook.com/Ministria.Shendetesise.RKS/posts/1973327486158162","vaccines1","Oxford/AstraZeneca"
"Kuwait","KWT","2021-05-06","Ministry of Health","https://twitter.com/aljarida/status/1390363657381494784?s=20","vaccines1","Pfizer/BioNTech"
"Kyrgyzstan","KGZ","2021-04-28","Ministry of Health","https://eurasianet.org/dashboard-vaccinating-eurasia-april","vaccines1","Sinopharm/Beijing"
"Laos","LAO","2021-04-26","Government of Laos","https://www.facebook.com/CIEH.MoH.Lao/posts/4188940891130573","vaccines1","Sinopharm/Beijing"
"Latvia","LVA","2021-05-09","National Health Service","https://data.gov.lv/dati/eng/dataset/covid19-vakcinacijas","vaccines1","Johnson&Johnson"
"Lebanon","LBN","2021-05-06","Government of Lebanon","https://impact.cib.gov.lb/home/dashboard/vaccine","vaccines1","Oxford/AstraZeneca"
"Lesotho","LSO","2021-04-17","Government of Lesotho","https://news.un.org/en/story/2021/04/1089792","vaccines1","Oxford/AstraZeneca"
"Libya","LBY","2021-04-17","Government of National Unity","https://reliefweb.int/report/iran-islamic-republic/covid-19-situation-updates-week-15-11-17-april-2021","vaccines1","Oxford/AstraZeneca"
"Liechtenstein","LIE","2021-05-05","Federal Office of Public Health","https://www.covid19.admin.ch/en/epidemiologic/vacc-doses?detGeo=FL","vaccines1","Moderna"
"Lithuania","LTU","2021-05-09","Ministry of Health","https://experience.arcgis.com/experience/cab84dcfe0464c2a8050a78f817924ca/page/page_3/","vaccines1","Johnson&Johnson"
"Luxembourg","LUX","2021-05-06","Government of Luxembourg","https://data.public.lu/fr/datasets/r/ad01b76c-1d0f-469e-896b-54de2a550a31","vaccines1","Moderna"
"Macao","MAC","2021-05-09","Government of Macao","https://www.gov.mo/zh-hant/news/376702/","vaccines1","Pfizer/BioNTech"
"Malawi","MWI","2021-05-09","Ministry of Health","https://twitter.com/health_malawi/status/1391410496692264964","vaccines1","Oxford/AstraZeneca"
"Malaysia","MYS","2021-05-09","Government of Malaysia","https://www.vaksincovid.gov.my/statistik/","vaccines1","Oxford/AstraZeneca"
"Maldives","MDV","2021-05-08","Presidency of the Maldives","https://twitter.com/HPA_MV/status/1391450118717509638","vaccines1","Oxford/AstraZeneca"
"Mali","MLI","2021-04-25","Ministry of Health","https://www.facebook.com/msdsmali1/posts/2963098517252980?__cft__[0]=AZUvGx7hQwWiO1MLPYRMMzdU7dw5pnzmACTNpF1x5bXxOTankakP9VEi50sdOsNOJDJIk9YcEzkgAnhwE72Peie0olqS3CwTrLjs5Lu3va9PH4X8ONLarXrtex3zOa7sU5o0S8T4z3R1MGc4UZGzQ2HV3u2izwmMV3alrH2Dws1eyQ&__tn__=%2CO%2CP-R","vaccines1","Oxford/AstraZeneca"
"Malta","MLT","2021-05-05","COVID-19 Malta Public Health Response Team","https://github.com/COVID19-Malta/COVID19-Cases","vaccines1","Moderna"
"Mauritania","MRT","2021-04-18","Ministry of Health","https://www.sante.gov.mr/wp-content/uploads/2021/04/Mauritania-COVID-19-Situation-Report-2021-04-18FR.pdf","vaccines1","Sinopharm/Beijing"
"Mauritius","MUS","2021-03-24","National Communication Committee on COVID-19","https://www.mymauritius.travel/articles/117323-vaccinated-mauritius-track-achieve-herd-immunity","vaccines1","Oxford/AstraZeneca"
"Mexico","MEX","2021-05-08","Secretary of Health","https://www.gob.mx/salud/prensa/187-mas-de-un-millon-de-personas-de-50-a-59-anos-vacunadas-en-una-semana-contra-covid-19?idiom=es","vaccines1","CanSino"
"Moldova","MDA","2021-05-08","Ministry of Health","https://vaccinare.gov.md/","vaccines1","Oxford/AstraZeneca"
"Monaco","MCO","2021-04-22","National Council","https://www.facebook.com/GvtMonaco/posts/2719067995050823","vaccines1","Pfizer/BioNTech"
"Mongolia","MNG","2021-05-09","Ministry of Health via ikon.mn","https://ikon.mn/","vaccines1","Oxford/AstraZeneca"
"Montenegro","MNE","2021-05-09","Government of Montenegro","https://www.covidodgovor.me/","vaccines1","Oxford/AstraZeneca"
"Montserrat","MSR","2021-04-21","Government of Montserrat","https://www.facebook.com/GIUMontserrat/posts/882138232345520","vaccines1","Oxford/AstraZeneca"
"Morocco","MAR","2021-05-08","Ministry of Health","http://www.covidmaroc.ma/pages/Accueilfr.aspx","vaccines1","Oxford/AstraZeneca"
"Mozambique","MOZ","2021-03-23","Deputy National Director of Public Health","https://allafrica.com/stories/202103230834.html","vaccines1","Sinopharm/Beijing"
"Myanmar","MMR","2021-03-31","Ministry of Health","https://www.frontiermyanmar.net/en/anti-military-defiance-slows-covid-19-vaccination-to-a-trickle/","vaccines1","Oxford/AstraZeneca"
"Namibia","NAM","2021-05-07","Ministry of Health and Social Services","https://www.facebook.com/MoHSSNamibia/photos/pcb.742603503079322/742603433079329","vaccines1","Oxford/AstraZeneca"
"Nauru","NRU","2021-04-15","Government of the Republic of Nauru","http://www.naurugov.nr/government-information-office/media-release/president,-speaker,-cj-take-first-vaccine-shots.aspx","vaccines1","Oxford/AstraZeneca"
"Nepal","NPL","2021-05-07","Government of Nepal","https://covid19.mohp.gov.np/covid/englishSituationReport/609523cf67ce3_SitRep453_COVID-19_7-05-2021_EN.pdf","vaccines1","Oxford/AstraZeneca"
"Netherlands","NLD","2021-05-02","National Institute for Public Health and the Environment","https://www.rivm.nl/covid-19-vaccinatie/cijfers-vaccinatieprogramma","vaccines1","Johnson&Johnson"
"New Zealand","NZL","2021-05-04","Ministry of Health","https://www.health.govt.nz/our-work/diseases-and-conditions/covid-19-novel-coronavirus/covid-19-data-and-statistics/covid-19-vaccine-data","vaccines1","Pfizer/BioNTech"
"Nicaragua","NIC","2021-04-24","Ministerio de Salud de la República de Nicaragua","https://www.confidencial.com.ni/nacion/mas-de-132-000-personas-ya-recibieron-la-primera-dosis-de-la-vacuna-covishield/","vaccines1","Oxford/AstraZeneca"
"Niger","NER","2021-04-17","Government of Niger","https://www.rfi.fr/fr/afrique/20210417-au-niger-les-centres-de-vaccinations-pris-d-assaut-pour-le-petit-p%C3%A8lerinage-%C3%A0-la-mecque","vaccines1","Sinopharm/Beijing"
"Nigeria","NGA","2021-05-09","Government of Nigeria","https://twitter.com/NphcdaNG/status/1391469149189255176","vaccines1","Oxford/AstraZeneca"
"North Macedonia","MKD","2021-05-09","Government of North Macedonia","https://kovid19vakcinacija.mk/","vaccines1","Oxford/AstraZeneca"
"Northern Cyprus","OWID_CYN","2021-05-08","Ministry of Health","https://asibilgisistemi.com/","vaccines1","Oxford/AstraZeneca"
"Northern Ireland","OWID_NIR","2021-05-08","Government of the United Kingdom","https://coronavirus.data.gov.uk/details/healthcare","vaccines1","Moderna"
"Norway","NOR","2021-05-06","Norwegian Institute of Public Health","https://www.fhi.no/sv/vaksine/koronavaksinasjonsprogrammet/koronavaksinasjonsstatistikk/","vaccines1","Moderna"
"Oman","OMN","2021-05-05","Ministry of Health","https://twitter.com/OmaniMOH/status/1389887384330948608/photo/1","vaccines1","Oxford/AstraZeneca"
"Pakistan","PAK","2021-05-06","National Command and Operation Centre","https://twitter.com/OfficialNcoc/status/1390600240185679872","vaccines1","CanSino"
"Palestine","PSE","2021-04-25","Ministry of Health","https://www.facebook.com/mohps/posts/3750938078365376","vaccines1","Moderna"
"Panama","PAN","2021-05-09","Ministry of Health","https://twitter.com/MINSAPma/status/1391548126616592387","vaccines1","Oxford/AstraZeneca"
"Papua New Guinea","PNG","2021-04-25","Government of Papua New Guinea","https://covid19.info.gov.pg/files/Situation%20Report/PNG%20COVID-19%20Health%20Situation%20Report%2070%20DRAFT%20FINAL.pdf","vaccines1","Oxford/AstraZeneca"
"Paraguay","PRY","2021-05-02","Government of Paraguay","https://www.vacunate.gov.py/index-listado-vacunados.html","vaccines1","Sputnik V"
"Peru","PER","2021-05-06","Ministry of Health","https://www.datosabiertos.gob.pe/dataset/vacunaci%C3%B3n-contra-covid-19-ministerio-de-salud-minsa","vaccines1","Oxford/AstraZeneca"
"Philippines","PHL","2021-05-09","Government of the Philippines","https://www.covid19.gov.ph/","vaccines1","Oxford/AstraZeneca"
"Poland","POL","2021-05-08","Ministry of Health","https://www.gov.pl/web/szczepimysie/raport-szczepien-przeciwko-covid-19","vaccines1","Johnson&Johnson"
"Portugal","PRT","2021-05-09","Directorate General for Health via Data Science for Social Good","https://github.com/dssg-pt/covid19pt-data","vaccines1","Moderna"
"Qatar","QAT","2021-05-09","Ministry of Public Health","https://covid19.moph.gov.qa/EN/Pages/Vaccination-Program-Data.aspx","vaccines1","Pfizer/BioNTech"
"Romania","ROU","2021-05-08","Government of Romania","https://datelazi.ro/","vaccines1","Johnson&Johnson"
"Russia","RUS","2021-05-09","Official data from local governments via gogov.ru","https://gogov.ru/articles/covid-v-stats","vaccines1","EpiVacCorona"
"Rwanda","RWA","2021-05-07","Ministry of Health","https://twitter.com/RwandaHealth/status/1390777126803156992/photo/1","vaccines1","Moderna"
"Saint Helena","SHN","2021-04-09","Government of Saint Helena","https://www.sainthelena.gov.sh/2021/news/coronavirus-covid-19-ieg-update/","vaccines1","Oxford/AstraZeneca"
"Saint Kitts and Nevis","KNA","2021-05-04","Government of Saint Kitts and Nevis","https://www.facebook.com/StKittsHPU/posts/909339976516509","vaccines1","Oxford/AstraZeneca"
"Saint Lucia","LCA","2021-05-08","Ministry of Health","https://www.covid19response.lc/","vaccines1","Oxford/AstraZeneca"
"Saint Vincent and the Grenadines","VCT","2021-05-01","Ministry of Health","https://www.facebook.com/SVGHEALTH/posts/4447652045295184","vaccines1","Oxford/AstraZeneca"
"Samoa","WSM","2021-05-03","Ministry of Health","https://www.health.gov.ws/","vaccines1","Oxford/AstraZeneca"
"San Marino","SMR","2021-05-07","Social Security Institute","https://vaccinocovid.iss.sm/","vaccines1","Pfizer/BioNTech"
"Sao Tome and Principe","STP","2021-03-29","Ministry of Health","https://www.facebook.com/MSaudeSTeP/photos/pcb.3764121173707955/3764120233708049","vaccines1","Oxford/AstraZeneca"
"Saudi Arabia","SAU","2021-05-09","Saudi Health Council","https://coronamap.sa","vaccines1","Oxford/AstraZeneca"
"Scotland","OWID_SCT","2021-05-08","Government of the United Kingdom","https://coronavirus.data.gov.uk/details/healthcare","vaccines1","Moderna"
"Senegal","SEN","2021-05-08","Ministry of Health","https://twitter.com/MinisteredelaS1/status/1390972059572920321","vaccines1","Sinopharm/Beijing"
"Serbia","SRB","2021-05-09","Government of Serbia","https://vakcinacija.gov.rs/","vaccines1","Oxford/AstraZeneca"
"Seychelles","SYC","2021-05-03","Extended Programme for Immunisation","https://www.facebook.com/mohseychellesofficial/photos/pcb.1734682373399553/1734681663399624","vaccines1","Oxford/AstraZeneca"
"Sierra Leone","SLE","2021-05-08","Ministry of Health and Sanitation","https://www.facebook.com/mohsict/photos/pcb.1387167548311054/1387167118311097/","vaccines1","Oxford/AstraZeneca"
"Singapore","SGP","2021-04-18","Ministry of Health","https://www.moh.gov.sg/covid-19","vaccines1","Moderna"
"Slovakia","SVK","2021-05-08","Ministry of Health","https://covid-19.nczisk.sk","vaccines1","Pfizer/BioNTech"
"Slovenia","SVN","2021-05-09","National Institute of Public Health via Sledilnik","https://covid-19.sledilnik.org/en/stats","vaccines1","Oxford/AstraZeneca"
"Solomon Islands","SLB","2021-04-27","Government of the Solomon Islands","https://theislandsun.com.sb/almost-5000-vaccinated/?fbclid=IwAR2SUOkuUZ1MjVPGYvZEm4q0yO-bnqP-ubu1FdlhstC44jefhXhoqJ2dIgM","vaccines1","Oxford/AstraZeneca"
"Somalia","SOM","2021-04-17","Federal Government of Somalia","https://reliefweb.int/report/iran-islamic-republic/covid-19-situation-updates-week-15-11-17-april-2021","vaccines1","Oxford/AstraZeneca"
"South Africa","ZAF","2021-05-08","Ministry of Health","https://sacoronavirus.co.za/","vaccines1","Johnson&Johnson"
"South Korea","KOR","2021-05-09","Korea Centers for Disease Control and Prevention","http://ncv.kdca.go.kr/","vaccines1","Oxford/AstraZeneca"
"South Sudan","SSD","2021-04-15","Government of South Sudan","https://africa.cgtn.com/2021/04/15/south-sudan-lifts-covid-19-restrictions-amid-fall-in-infections/","vaccines1","Oxford/AstraZeneca"
"Spain","ESP","2021-05-06","Ministry of Health","https://www.mscbs.gob.es/profesionales/saludPublica/ccayes/alertasActual/nCov/documentos/Informe_Comunicacion_20210507.ods","vaccines1","Johnson&Johnson"
"Sri Lanka","LKA","2021-05-09","Ministry of Health's Epidemiology Unit","https://www.epid.gov.lk/web/images/pdf/corona_virus_report/sitrep-sl-en-09-05_10_21.pdf","vaccines1","Oxford/AstraZeneca"
"Sudan","SDN","2021-04-23","Federal Ministry of Health","https://www.facebook.com/FMOH.SUDAN/posts/2880648948874731","vaccines1","Oxford/AstraZeneca"
"Suriname","SUR","2021-05-08","Government of Suriname","https://laatjevaccineren.sr/","vaccines1","Oxford/AstraZeneca"
"Sweden","SWE","2021-05-07","Public Health Agency of Sweden","https://www.folkhalsomyndigheten.se/smittskydd-beredskap/utbrott/aktuella-utbrott/covid-19/vaccination-mot-covid-19/statistik/statistik-over-registrerade-vaccinationer-covid-19/","vaccines1","Oxford/AstraZeneca"
"Switzerland","CHE","2021-05-05","Federal Office of Public Health","https://www.covid19.admin.ch/en/epidemiologic/vacc-doses?detGeo=CH","vaccines1","Moderna"
"Syria","SYR","2021-04-08","Ministry of Health","http://www.xinhuanet.com/english/africa/2021-04/08/c_139867196.htm","vaccines1","Sputnik V"
"Taiwan","TWN","2021-05-09","Taiwan Centers for Disease Control","https://www.cdc.gov.tw/Category/Page/9jFXNbCe-sFK9EImRRi2Og","vaccines1","Oxford/AstraZeneca"
"Thailand","THA","2021-05-09","Government of Thailand","https://ddc.moph.go.th/uploads/ckeditor2//files/Daily%20report%202021-05-10.pdf","vaccines1","Oxford/AstraZeneca"
"Timor","TLS","2021-04-14","Government of Timor-Leste","http://timor-leste.gov.tl/?p=27660&lang=en","vaccines1","Oxford/AstraZeneca"
"Togo","TGO","2021-04-17","Government of Togo","https://www.republicoftogo.com/Toutes-les-rubriques/Sante/La-vaccination-de-masse-va-commencer","vaccines1","Oxford/AstraZeneca"
"Tonga","TON","2021-04-26","Government of Tonga","https://matangitonga.to/2021/04/26/over-5000-receive-covid-19-vaccine","vaccines1","Oxford/AstraZeneca"
"Trinidad and Tobago","TTO","2021-05-09","Ministry of Health","https://experience.arcgis.com/experience/59226cacd2b441c7a939dca13f832112/","vaccines1","Oxford/AstraZeneca"
"Tunisia","TUN","2021-05-08","Ministry of Health","https://www.facebook.com/santetunisie.rns.tn/posts/4106526276053112","vaccines1","Pfizer/BioNTech"
"Turkey","TUR","2021-05-09","COVID-19 Vaccine Information Platform","https://covid19asi.saglik.gov.tr/","vaccines1","Pfizer/BioNTech"
"Turks and Caicos Islands","TCA","2021-04-11","Ministry of Health","https://www.facebook.com/tcihealthpromotions/photos/1945783578924922","vaccines1","Pfizer/BioNTech"
"Uganda","UGA","2021-05-07","Ministry of Health","https://twitter.com/MinofHealthUG/status/1391343458867109890","vaccines1","Oxford/AstraZeneca"
"Ukraine","UKR","2021-05-08","Ministry of Health","https://vaccination.covid19.gov.ua/","vaccines1","Oxford/AstraZeneca"
"United Arab Emirates","ARE","2021-05-09","National Emergency Crisis and Disaster Management Authority","http://covid19.ncema.gov.ae/en","vaccines1","Oxford/AstraZeneca"
"United Kingdom","GBR","2021-05-08","Government of the United Kingdom","https://coronavirus.data.gov.uk/details/healthcare","vaccines1","Moderna"
"United States","USA","2021-05-09","Centers for Disease Control and Prevention","https://covid.cdc.gov/covid-data-tracker/#vaccinations","vaccines1","Johnson&Johnson"
"Uruguay","URY","2021-05-09","Ministry of Health","https://monitor.uruguaysevacuna.gub.uy/","vaccines1","Oxford/AstraZeneca"
"Uzbekistan","UZB","2021-04-27","Government of Uzbekistan","https://akipress.com/news:657419:Uzbekistan_vaccinates_600,369_against_COVID-19/","vaccines1","Oxford/AstraZeneca"
"Venezuela","VEN","2021-04-12","Government of Venezuela","https://www.swissinfo.ch/spa/coronavirus-venezuela_la-vacunaci%C3%B3n-en-venezuela--entre-dudas-y-certezas/46524144","vaccines1","Sputnik V"
"Vietnam","VNM","2021-05-09","Government of Vietnam","https://ncov.moh.gov.vn/web/guest/-/6847426-3244","vaccines1","Oxford/AstraZeneca"
"Wales","OWID_WLS","2021-05-08","Government of the United Kingdom","https://coronavirus.data.gov.uk/details/healthcare","vaccines1","Moderna"
"Zambia","ZMB","2021-05-08","Government of Zambia","https://www.facebook.com/mohzambia/posts/1903112073196774","vaccines1","Oxford/AstraZeneca"
"Zimbabwe","ZWE","2021-05-09","Ministry of Health","https://twitter.com/MoHCCZim/status/1391465550237347840","vaccines1","Sinopharm/Beijing"
"Albania","ALB","2021-05-08","Ministry of Health","https://twitter.com/GManastirliu/status/1391104178743828484","vaccines2","Pfizer/BioNTech"
"Andorra","AND","2021-05-03","Government of Andorra","https://www.govern.ad/covid19_newsletter/","vaccines2","Pfizer/BioNTech"
"Argentina","ARG","2021-05-09","Ministry of Health","http://datos.salud.gob.ar/dataset/vacunas-contra-covid-19-dosis-aplicadas-en-la-republica-argentina","vaccines2","Sinopharm/Beijing"
"Australia","AUS","2021-05-09","Government of Australia via covidlive.com.au","https://covidlive.com.au/vaccinations","vaccines2","Pfizer/BioNTech"
"Austria","AUT","2021-05-09","Ministry of Health","https://info.gesundheitsministerium.gv.at/opendata/","vaccines2","Moderna"
"Azerbaijan","AZE","2021-05-09","Government of Azerbaijan","https://koronavirusinfo.az","vaccines2","Sinovac"
"Bahrain","BHR","2021-05-09","Ministry of Health","https://healthalert.gov.bh/en/","vaccines2","Pfizer/BioNTech"
"Belgium","BEL","2021-05-08","Sciensano","https://epistat.wiv-isp.be/covid/","vaccines2","Moderna"
"Bolivia","BOL","2021-05-03","Ministry of Health","https://twitter.com/SaludDeportesBo/status/1389392032800690177","vaccines2","Sinopharm/Beijing"
"Bosnia and Herzegovina","BIH","2021-04-27","Public Health Institute","https://www.klix.ba/vijesti/bih/kanton-sarajevo-ima-najveci-broj-vakcinisanih-u-odnosu-na-ostatak-federacije-bih/210501073","vaccines2","Pfizer/BioNTech"
"Brazil","BRA","2021-05-07","Ministry of Health","https://qsprod.saude.gov.br/extensions/DEMAS_C19Vacina/DEMAS_C19Vacina.html","vaccines2","Pfizer/BioNTech"
"Bulgaria","BGR","2021-05-09","Ministry of Health","https://coronavirus.bg/bg/statistika","vaccines2","Oxford/AstraZeneca"
"Cambodia","KHM","2021-05-09","Ministry of Health","http://www.freshnewsasia.com/index.php/en/localnews/197176-2021-05-09-14-50-30.html","vaccines2","Sinopharm/Beijing"
"Canada","CAN","2021-05-09","Official data from provinces via covid19tracker.ca","https://covid19tracker.ca/vaccinationtracker.html","vaccines2","Oxford/AstraZeneca"
"Cayman Islands","CYM","2021-05-07","Cayman Islands Government","https://www.exploregov.ky/coronavirus-statistics","vaccines2","Pfizer/BioNTech"
"Chile","CHL","2021-05-08","Department of Statistics and Health Information","https://www.gob.cl/yomevacuno/","vaccines2","Pfizer/BioNTech"
"China","CHN","2021-05-09","National Health Commission","http://www.nhc.gov.cn/xcs/yqjzqk/202105/cd31bab9052a447eae2d1388a9cf601d.shtml","vaccines2","Sinopharm/Wuhan"
"Colombia","COL","2021-05-07","Ministry of Health","https://www.minsalud.gov.co/salud/publica/Vacunacion/Paginas/Vacunacion-covid-19.aspx","vaccines2","Pfizer/BioNTech"
"Congo","COG","2021-04-14","Government of the Republic of Congo","https://gouvernement.cg/coronavirus-communique-de-la-coordination-nationale-de-gestion-de-la-pandemie-de-coronavirus-covid-19-suite-a-sa-reunion-du-mercredi-14-avril-2021/","vaccines2","Sputnik V"
"Costa Rica","CRI","2021-05-03","Costa Rican Social Security Fund","https://www.ccss.sa.cr/web/coronavirus/vacunacion","vaccines2","Pfizer/BioNTech"
"Croatia","HRV","2021-05-09","Ministry of Health","https://www.koronavirus.hr/najnovije/253-nova-slucaja-u-protekla-24-sata-u-bolnicama-ukupno-2-033-osobe/35","vaccines2","Oxford/AstraZeneca"
"Curacao","CUW","2021-05-09","Government of Curacao","https://bakuna.cw/","vaccines2","Pfizer/BioNTech"
"Czechia","CZE","2021-05-09","Ministry of Health","https://onemocneni-aktualne.mzcr.cz/covid-19","vaccines2","Moderna"
"Denmark","DNK","2021-05-08","Statens Serum Institute","https://covid19.ssi.dk/overvagningsdata/vaccinationstilslutning","vaccines2","Oxford/AstraZeneca"
"Dominican Republic","DOM","2021-05-08","Ministry of Public Health","https://vacunate.gob.do/","vaccines2","Sinopharm/Beijing"
"Ecuador","ECU","2021-05-07","Government of Ecuador via Ecuacovid","https://github.com/andrab/ecuacovid","vaccines2","Pfizer/BioNTech"
"Egypt","EGY","2021-04-18","Ministry of Health","https://english.ahram.org.eg/NewsContent/1/64/409875/Egypt/Politics-/Egypt-to-produce--mln-doses-of-Sinovac-coronavirus.aspx","vaccines2","Sinopharm/Beijing"
"El Salvador","SLV","2021-05-06","Ministry of Health","https://covid19.gob.sv/","vaccines2","Pfizer/BioNTech"
"England","OWID_ENG","2021-05-08","Government of the United Kingdom","https://coronavirus.data.gov.uk/details/healthcare","vaccines2","Oxford/AstraZeneca"
"Estonia","EST","2021-05-09","National Health Board","https://opendata.digilugu.ee","vaccines2","Oxford/AstraZeneca"
"Faeroe Islands","FRO","2021-05-09","Government of the Faeroe Islands","https://corona.fo/api","vaccines2","Pfizer/BioNTech"
"Finland","FIN","2021-05-08","Finnish Institute for Health and Welfare","https://sampo.thl.fi/pivot/prod/en/vaccreg/cov19cov/fact_cov19cov?column=measure-533185.533172.433796.533175&row=cov_vac_dose-533174L","vaccines2","Oxford/AstraZeneca"
"France","FRA","2021-05-08","Public Health France","https://www.data.gouv.fr/fr/datasets/donnees-relatives-aux-personnes-vaccinees-contre-la-covid-19-1/","vaccines2","Moderna"
"Germany","DEU","2021-05-07","Robert Koch Institut","https://impfdashboard.de/","vaccines2","Moderna"
"Greece","GRC","2021-05-08","Ministry of Health","https://www.data.gov.gr/datasets/mdg_emvolio/","vaccines2","Oxford/AstraZeneca"
"Guatemala","GTM","2021-05-08","Ministry of Health","https://gtmvigilanciacovid.shinyapps.io/3869aac0fb95d6baf2c80f19f2da5f98","vaccines2","Oxford/AstraZeneca"
"Guernsey","GGY","2021-04-20","Government of Guernsey","https://covid19.gov.gg/guidance/vaccine/stats","vaccines2","Pfizer/BioNTech"
"Honduras","HND","2021-04-09","Government of Honduras","https://proceso.hn/honduras-a-la-zaga-en-vacunacion-en-ca/","vaccines2","Oxford/AstraZeneca"
"Hong Kong","HKG","2021-05-09","Government of Hong Kong","https://www.covidvaccine.gov.hk/en/dashboard","vaccines2","Sinovac"
"Hungary","HUN","2021-05-09","Government of Hungary","https://koronavirus.gov.hu/cikkek/4-millio-306-ezer-beoltott-677-az-uj-fertozott-elhunyt-91-beteg","vaccines2","Oxford/AstraZeneca"
"Iceland","ISL","2021-05-07","Directorate of Health","https://www.covid.is/tolulegar-upplysingar-boluefni","vaccines2","Oxford/AstraZeneca"
"India","IND","2021-05-09","Government of India","https://dashboard.cowin.gov.in/","vaccines2","Oxford/AstraZeneca"
"Indonesia","IDN","2021-05-09","Ministry of Health","https://vaksin.kemkes.go.id/#/vaccines","vaccines2","Sinovac"
"Iran","IRN","2021-05-07","Government of Iran","https://www.farsnews.ir/news/14000217000358","vaccines2","Sinopharm/Beijing"
"Iraq","IRQ","2021-04-23","Ministry of Health","https://www.kuna.net.kw/ArticleDetails.aspx?id=2973540&language=en","vaccines2","Sinopharm/Beijing"
"Ireland","IRL","2021-05-07","Heath Service Executive","https://covid19ireland-geohive.hub.arcgis.com/","vaccines2","Moderna"
"Isle of Man","IMN","2021-05-09","Isle of Man Government","https://covid19.gov.im/general-information/covid-19-vaccination-statistics/","vaccines2","Pfizer/BioNTech"
"Israel","ISR","2021-05-09","Government of Israel","https://datadashboard.health.gov.il/COVID-19/general","vaccines2","Pfizer/BioNTech"
"Italy","ITA","2021-05-09","Extraordinary commissioner for the Covid-19 emergency","https://raw.githubusercontent.com/italia/covid19-opendata-vaccini/master/dati/somministrazioni-vaccini-latest.csv","vaccines2","Moderna"
"Jersey","JEY","2021-05-02","Government of Jersey","https://www.gov.je/Health/Coronavirus/Vaccine/Pages/VaccinationStatistics.aspx","vaccines2","Pfizer/BioNTech"
"Jordan","JOR","2021-05-04","Government of Jordan","https://www.facebook.com/ncscmjordan/photos/a.388629101483029/1436628866683042","vaccines2","Sinopharm/Beijing"
"Kenya","KEN","2021-04-28","Ministry of Health","https://www.aa.com.tr/en/latest-on-coronavirus-outbreak/kenya-confirms-23-new-covid-19-deaths-over-800-cases/2223734","vaccines2","Sputnik V"
"Kyrgyzstan","KGZ","2021-04-28","Ministry of Health","https://eurasianet.org/dashboard-vaccinating-eurasia-april","vaccines2","Sputnik V"
"Laos","LAO","2021-04-26","Government of Laos","https://www.facebook.com/CIEH.MoH.Lao/posts/4188940891130573","vaccines2","Sputnik V"
"Latvia","LVA","2021-05-09","National Health Service","https://data.gov.lv/dati/eng/dataset/covid19-vakcinacijas","vaccines2","Moderna"
"Lebanon","LBN","2021-05-06","Government of Lebanon","https://impact.cib.gov.lb/home/dashboard/vaccine","vaccines2","Pfizer/BioNTech"
"Libya","LBY","2021-04-17","Government of National Unity","https://reliefweb.int/report/iran-islamic-republic/covid-19-situation-updates-week-15-11-17-april-2021","vaccines2","Sinovac"
"Liechtenstein","LIE","2021-05-05","Federal Office of Public Health","https://www.covid19.admin.ch/en/epidemiologic/vacc-doses?detGeo=FL","vaccines2","Pfizer/BioNTech"
"Lithuania","LTU","2021-05-09","Ministry of Health","https://experience.arcgis.com/experience/cab84dcfe0464c2a8050a78f817924ca/page/page_3/","vaccines2","Moderna"
"Luxembourg","LUX","2021-05-06","Government of Luxembourg","https://data.public.lu/fr/datasets/r/ad01b76c-1d0f-469e-896b-54de2a550a31","vaccines2","Oxford/AstraZeneca"
"Macao","MAC","2021-05-09","Government of Macao","https://www.gov.mo/zh-hant/news/376702/","vaccines2","Sinopharm/Beijing"
"Malaysia","MYS","2021-05-09","Government of Malaysia","https://www.vaksincovid.gov.my/statistik/","vaccines2","Pfizer/BioNTech"
"Maldives","MDV","2021-05-08","Presidency of the Maldives","https://twitter.com/HPA_MV/status/1391450118717509638","vaccines2","Pfizer/BioNTech"
"Malta","MLT","2021-05-05","COVID-19 Malta Public Health Response Team","https://github.com/COVID19-Malta/COVID19-Cases","vaccines2","Oxford/AstraZeneca"
"Mexico","MEX","2021-05-08","Secretary of Health","https://www.gob.mx/salud/prensa/187-mas-de-un-millon-de-personas-de-50-a-59-anos-vacunadas-en-una-semana-contra-covid-19?idiom=es","vaccines2","Oxford/AstraZeneca"
"Moldova","MDA","2021-05-08","Ministry of Health","https://vaccinare.gov.md/","vaccines2","Pfizer/BioNTech"
"Mongolia","MNG","2021-05-09","Ministry of Health via ikon.mn","https://ikon.mn/","vaccines2","Pfizer/BioNTech"
"Montenegro","MNE","2021-05-09","Government of Montenegro","https://www.covidodgovor.me/","vaccines2","Pfizer/BioNTech"
"Morocco","MAR","2021-05-08","Ministry of Health","http://www.covidmaroc.ma/pages/Accueilfr.aspx","vaccines2","Sinopharm/Beijing"
"Namibia","NAM","2021-05-07","Ministry of Health and Social Services","https://www.facebook.com/MoHSSNamibia/photos/pcb.742603503079322/742603433079329","vaccines2","Sinopharm/Beijing"
"Nepal","NPL","2021-05-07","Government of Nepal","https://covid19.mohp.gov.np/covid/englishSituationReport/609523cf67ce3_SitRep453_COVID-19_7-05-2021_EN.pdf","vaccines2","Sinopharm/Beijing"
"Netherlands","NLD","2021-05-02","National Institute for Public Health and the Environment","https://www.rivm.nl/covid-19-vaccinatie/cijfers-vaccinatieprogramma","vaccines2","Moderna"
"Nicaragua","NIC","2021-04-24","Ministerio de Salud de la República de Nicaragua","https://www.confidencial.com.ni/nacion/mas-de-132-000-personas-ya-recibieron-la-primera-dosis-de-la-vacuna-covishield/","vaccines2","Sputnik V"
"North Macedonia","MKD","2021-05-09","Government of North Macedonia","https://kovid19vakcinacija.mk/","vaccines2","Pfizer/BioNTech"
"Northern Cyprus","OWID_CYN","2021-05-08","Ministry of Health","https://asibilgisistemi.com/","vaccines2","Pfizer/BioNTech"
"Northern Ireland","OWID_NIR","2021-05-08","Government of the United Kingdom","https://coronavirus.data.gov.uk/details/healthcare","vaccines2","Oxford/AstraZeneca"
"Norway","NOR","2021-05-06","Norwegian Institute of Public Health","https://www.fhi.no/sv/vaksine/koronavaksinasjonsprogrammet/koronavaksinasjonsstatistikk/","vaccines2","Oxford/AstraZeneca"
"Oman","OMN","2021-05-05","Ministry of Health","https://twitter.com/OmaniMOH/status/1389887384330948608/photo/1","vaccines2","Pfizer/BioNTech"
"Pakistan","PAK","2021-05-06","National Command and Operation Centre","https://twitter.com/OfficialNcoc/status/1390600240185679872","vaccines2","Sinopharm/Beijing"
"Palestine","PSE","2021-04-25","Ministry of Health","https://www.facebook.com/mohps/posts/3750938078365376","vaccines2","Oxford/AstraZeneca"
"Panama","PAN","2021-05-09","Ministry of Health","https://twitter.com/MINSAPma/status/1391548126616592387","vaccines2","Pfizer/BioNTech"
"Peru","PER","2021-05-06","Ministry of Health","https://www.datosabiertos.gob.pe/dataset/vacunaci%C3%B3n-contra-covid-19-ministerio-de-salud-minsa","vaccines2","Pfizer/BioNTech"
"Philippines","PHL","2021-05-09","Government of the Philippines","https://www.covid19.gov.ph/","vaccines2","Sinovac"
"Poland","POL","2021-05-08","Ministry of Health","https://www.gov.pl/web/szczepimysie/raport-szczepien-przeciwko-covid-19","vaccines2","Moderna"
"Portugal","PRT","2021-05-09","Directorate General for Health via Data Science for Social Good","https://github.com/dssg-pt/covid19pt-data","vaccines2","Oxford/AstraZeneca"
"Romania","ROU","2021-05-08","Government of Romania","https://datelazi.ro/","vaccines2","Moderna"
"Russia","RUS","2021-05-09","Official data from local governments via gogov.ru","https://gogov.ru/articles/covid-v-stats","vaccines2","Sputnik V"
"Rwanda","RWA","2021-05-07","Ministry of Health","https://twitter.com/RwandaHealth/status/1390777126803156992/photo/1","vaccines2","Oxford/AstraZeneca"
"San Marino","SMR","2021-05-07","Social Security Institute","https://vaccinocovid.iss.sm/","vaccines2","Sputnik V"
"Saudi Arabia","SAU","2021-05-09","Saudi Health Council","https://coronamap.sa","vaccines2","Pfizer/BioNTech"
"Scotland","OWID_SCT","2021-05-08","Government of the United Kingdom","https://coronavirus.data.gov.uk/details/healthcare","vaccines2","Oxford/AstraZeneca"
"Serbia","SRB","2021-05-09","Government of Serbia","https://vakcinacija.gov.rs/","vaccines2","Pfizer/BioNTech"
"Seychelles","SYC","2021-05-03","Extended Programme for Immunisation","https://www.facebook.com/mohseychellesofficial/photos/pcb.1734682373399553/1734681663399624","vaccines2","Sinopharm/Beijing"
"Singapore","SGP","2021-04-18","Ministry of Health","https://www.moh.gov.sg/covid-19","vaccines2","Pfizer/BioNTech"
"Slovenia","SVN","2021-05-09","National Institute of Public Health via Sledilnik","https://covid-19.sledilnik.org/en/stats","vaccines2","Pfizer/BioNTech"
"Somalia","SOM","2021-04-17","Federal Government of Somalia","https://reliefweb.int/report/iran-islamic-republic/covid-19-situation-updates-week-15-11-17-april-2021","vaccines2","Sinopharm/Beijing"
"South Korea","KOR","2021-05-09","Korea Centers for Disease Control and Prevention","http://ncv.kdca.go.kr/","vaccines2","Pfizer/BioNTech"
"Spain","ESP","2021-05-06","Ministry of Health","https://www.mscbs.gob.es/profesionales/saludPublica/ccayes/alertasActual/nCov/documentos/Informe_Comunicacion_20210507.ods","vaccines2","Moderna"
"Sri Lanka","LKA","2021-05-09","Ministry of Health's Epidemiology Unit","https://www.epid.gov.lk/web/images/pdf/corona_virus_report/sitrep-sl-en-09-05_10_21.pdf","vaccines2","Sinopharm/Beijing"
"Sweden","SWE","2021-05-07","Public Health Agency of Sweden","https://www.folkhalsomyndigheten.se/smittskydd-beredskap/utbrott/aktuella-utbrott/covid-19/vaccination-mot-covid-19/statistik/statistik-over-registrerade-vaccinationer-covid-19/","vaccines2","Pfizer/BioNTech"
"Switzerland","CHE","2021-05-05","Federal Office of Public Health","https://www.covid19.admin.ch/en/epidemiologic/vacc-doses?detGeo=CH","vaccines2","Pfizer/BioNTech"
"Thailand","THA","2021-05-09","Government of Thailand","https://ddc.moph.go.th/uploads/ckeditor2//files/Daily%20report%202021-05-10.pdf","vaccines2","Sinovac"
"Tunisia","TUN","2021-05-08","Ministry of Health","https://www.facebook.com/santetunisie.rns.tn/posts/4106526276053112","vaccines2","Sinovac"
"Turkey","TUR","2021-05-09","COVID-19 Vaccine Information Platform","https://covid19asi.saglik.gov.tr/","vaccines2","Sinovac"
"Ukraine","UKR","2021-05-08","Ministry of Health","https://vaccination.covid19.gov.ua/","vaccines2","Pfizer/BioNTech"
"United Arab Emirates","ARE","2021-05-09","National Emergency Crisis and Disaster Management Authority","http://covid19.ncema.gov.ae/en","vaccines2","Pfizer/BioNTech"
"United Kingdom","GBR","2021-05-08","Government of the United Kingdom","https://coronavirus.data.gov.uk/details/healthcare","vaccines2","Oxford/AstraZeneca"
"United States","USA","2021-05-09","Centers for Disease Control and Prevention","https://covid.cdc.gov/covid-data-tracker/#vaccinations","vaccines2","Moderna"
"Uruguay","URY","2021-05-09","Ministry of Health","https://monitor.uruguaysevacuna.gub.uy/","vaccines2","Pfizer/BioNTech"
"Wales","OWID_WLS","2021-05-08","Government of the United Kingdom","https://coronavirus.data.gov.uk/details/healthcare","vaccines2","Oxford/AstraZeneca"
"Albania","ALB","2021-05-08","Ministry of Health","https://twitter.com/GManastirliu/status/1391104178743828484","vaccines3","Sinovac"
"Argentina","ARG","2021-05-09","Ministry of Health","http://datos.salud.gob.ar/dataset/vacunas-contra-covid-19-dosis-aplicadas-en-la-republica-argentina","vaccines3","Sputnik V"
"Austria","AUT","2021-05-09","Ministry of Health","https://info.gesundheitsministerium.gv.at/opendata/","vaccines3","Oxford/AstraZeneca"
"Bahrain","BHR","2021-05-09","Ministry of Health","https://healthalert.gov.bh/en/","vaccines3","Sinopharm/Beijing"
"Belgium","BEL","2021-05-08","Sciensano","https://epistat.wiv-isp.be/covid/","vaccines3","Oxford/AstraZeneca"
"Bolivia","BOL","2021-05-03","Ministry of Health","https://twitter.com/SaludDeportesBo/status/1389392032800690177","vaccines3","Sputnik V"
"Bosnia and Herzegovina","BIH","2021-04-27","Public Health Institute","https://www.klix.ba/vijesti/bih/kanton-sarajevo-ima-najveci-broj-vakcinisanih-u-odnosu-na-ostatak-federacije-bih/210501073","vaccines3","Sinovac"
"Brazil","BRA","2021-05-07","Ministry of Health","https://qsprod.saude.gov.br/extensions/DEMAS_C19Vacina/DEMAS_C19Vacina.html","vaccines3","Sinovac"
"Bulgaria","BGR","2021-05-09","Ministry of Health","https://coronavirus.bg/bg/statistika","vaccines3","Pfizer/BioNTech"
"Cambodia","KHM","2021-05-09","Ministry of Health","http://www.freshnewsasia.com/index.php/en/localnews/197176-2021-05-09-14-50-30.html","vaccines3","Sinovac"
"Canada","CAN","2021-05-09","Official data from provinces via covid19tracker.ca","https://covid19tracker.ca/vaccinationtracker.html","vaccines3","Pfizer/BioNTech"
"Chile","CHL","2021-05-08","Department of Statistics and Health Information","https://www.gob.cl/yomevacuno/","vaccines3","Sinovac"
"China","CHN","2021-05-09","National Health Commission","http://www.nhc.gov.cn/xcs/yqjzqk/202105/cd31bab9052a447eae2d1388a9cf601d.shtml","vaccines3","Sinovac"
"Colombia","COL","2021-05-07","Ministry of Health","https://www.minsalud.gov.co/salud/publica/Vacunacion/Paginas/Vacunacion-covid-19.aspx","vaccines3","Sinovac"
"Croatia","HRV","2021-05-09","Ministry of Health","https://www.koronavirus.hr/najnovije/253-nova-slucaja-u-protekla-24-sata-u-bolnicama-ukupno-2-033-osobe/35","vaccines3","Pfizer/BioNTech"
"Czechia","CZE","2021-05-09","Ministry of Health","https://onemocneni-aktualne.mzcr.cz/covid-19","vaccines3","Oxford/AstraZeneca"
"Denmark","DNK","2021-05-08","Statens Serum Institute","https://covid19.ssi.dk/overvagningsdata/vaccinationstilslutning","vaccines3","Pfizer/BioNTech"
"Dominican Republic","DOM","2021-05-08","Ministry of Public Health","https://vacunate.gob.do/","vaccines3","Sinovac"
"Ecuador","ECU","2021-05-07","Government of Ecuador via Ecuacovid","https://github.com/andrab/ecuacovid","vaccines3","Sinovac"
"El Salvador","SLV","2021-05-06","Ministry of Health","https://covid19.gob.sv/","vaccines3","Sinovac"
"England","OWID_ENG","2021-05-08","Government of the United Kingdom","https://coronavirus.data.gov.uk/details/healthcare","vaccines3","Pfizer/BioNTech"
"Estonia","EST","2021-05-09","National Health Board","https://opendata.digilugu.ee","vaccines3","Pfizer/BioNTech"
"Finland","FIN","2021-05-08","Finnish Institute for Health and Welfare","https://sampo.thl.fi/pivot/prod/en/vaccreg/cov19cov/fact_cov19cov?column=measure-533185.533172.433796.533175&row=cov_vac_dose-533174L","vaccines3","Pfizer/BioNTech"
"France","FRA","2021-05-08","Public Health France","https://www.data.gouv.fr/fr/datasets/donnees-relatives-aux-personnes-vaccinees-contre-la-covid-19-1/","vaccines3","Oxford/AstraZeneca"
"Germany","DEU","2021-05-07","Robert Koch Institut","https://impfdashboard.de/","vaccines3","Oxford/AstraZeneca"
"Greece","GRC","2021-05-08","Ministry of Health","https://www.data.gov.gr/datasets/mdg_emvolio/","vaccines3","Pfizer/BioNTech"
"Hungary","HUN","2021-05-09","Government of Hungary","https://koronavirus.gov.hu/cikkek/4-millio-306-ezer-beoltott-677-az-uj-fertozott-elhunyt-91-beteg","vaccines3","Pfizer/BioNTech"
"Iceland","ISL","2021-05-07","Directorate of Health","https://www.covid.is/tolulegar-upplysingar-boluefni","vaccines3","Pfizer/BioNTech"
"Iran","IRN","2021-05-07","Government of Iran","https://www.farsnews.ir/news/14000217000358","vaccines3","Sputnik V"
"Ireland","IRL","2021-05-07","Heath Service Executive","https://covid19ireland-geohive.hub.arcgis.com/","vaccines3","Oxford/AstraZeneca"
"Italy","ITA","2021-05-09","Extraordinary commissioner for the Covid-19 emergency","https://raw.githubusercontent.com/italia/covid19-opendata-vaccini/master/dati/somministrazioni-vaccini-latest.csv","vaccines3","Oxford/AstraZeneca"
"Latvia","LVA","2021-05-09","National Health Service","https://data.gov.lv/dati/eng/dataset/covid19-vakcinacijas","vaccines3","Oxford/AstraZeneca"
"Lebanon","LBN","2021-05-06","Government of Lebanon","https://impact.cib.gov.lb/home/dashboard/vaccine","vaccines3","Sinopharm/Beijing"
"Libya","LBY","2021-04-17","Government of National Unity","https://reliefweb.int/report/iran-islamic-republic/covid-19-situation-updates-week-15-11-17-april-2021","vaccines3","Sputnik V"
"Lithuania","LTU","2021-05-09","Ministry of Health","https://experience.arcgis.com/experience/cab84dcfe0464c2a8050a78f817924ca/page/page_3/","vaccines3","Oxford/AstraZeneca"
"Luxembourg","LUX","2021-05-06","Government of Luxembourg","https://data.public.lu/fr/datasets/r/ad01b76c-1d0f-469e-896b-54de2a550a31","vaccines3","Pfizer/BioNTech"
"Malaysia","MYS","2021-05-09","Government of Malaysia","https://www.vaksincovid.gov.my/statistik/","vaccines3","Sinovac"
"Maldives","MDV","2021-05-08","Presidency of the Maldives","https://twitter.com/HPA_MV/status/1391450118717509638","vaccines3","Sinopharm/Beijing"
"Malta","MLT","2021-05-05","COVID-19 Malta Public Health Response Team","https://github.com/COVID19-Malta/COVID19-Cases","vaccines3","Pfizer/BioNTech"
"Mexico","MEX","2021-05-08","Secretary of Health","https://www.gob.mx/salud/prensa/187-mas-de-un-millon-de-personas-de-50-a-59-anos-vacunadas-en-una-semana-contra-covid-19?idiom=es","vaccines3","Pfizer/BioNTech"
"Moldova","MDA","2021-05-08","Ministry of Health","https://vaccinare.gov.md/","vaccines3","Sinopharm/Beijing"
"Mongolia","MNG","2021-05-09","Ministry of Health via ikon.mn","https://ikon.mn/","vaccines3","Sinopharm/Beijing"
"Montenegro","MNE","2021-05-09","Government of Montenegro","https://www.covidodgovor.me/","vaccines3","Sinopharm/Beijing"
"Netherlands","NLD","2021-05-02","National Institute for Public Health and the Environment","https://www.rivm.nl/covid-19-vaccinatie/cijfers-vaccinatieprogramma","vaccines3","Oxford/AstraZeneca"
"North Macedonia","MKD","2021-05-09","Government of North Macedonia","https://kovid19vakcinacija.mk/","vaccines3","Sputnik V"
"Northern Cyprus","OWID_CYN","2021-05-08","Ministry of Health","https://asibilgisistemi.com/","vaccines3","Sinovac"
"Northern Ireland","OWID_NIR","2021-05-08","Government of the United Kingdom","https://coronavirus.data.gov.uk/details/healthcare","vaccines3","Pfizer/BioNTech"
"Norway","NOR","2021-05-06","Norwegian Institute of Public Health","https://www.fhi.no/sv/vaksine/koronavaksinasjonsprogrammet/koronavaksinasjonsstatistikk/","vaccines3","Pfizer/BioNTech"
"Pakistan","PAK","2021-05-06","National Command and Operation Centre","https://twitter.com/OfficialNcoc/status/1390600240185679872","vaccines3","Sinovac"
"Palestine","PSE","2021-04-25","Ministry of Health","https://www.facebook.com/mohps/posts/3750938078365376","vaccines3","Pfizer/BioNTech"
"Peru","PER","2021-05-06","Ministry of Health","https://www.datosabiertos.gob.pe/dataset/vacunaci%C3%B3n-contra-covid-19-ministerio-de-salud-minsa","vaccines3","Sinopharm/Beijing"
"Philippines","PHL","2021-05-09","Government of the Philippines","https://www.covid19.gov.ph/","vaccines3","Sputnik V"
"Poland","POL","2021-05-08","Ministry of Health","https://www.gov.pl/web/szczepimysie/raport-szczepien-przeciwko-covid-19","vaccines3","Oxford/AstraZeneca"
"Portugal","PRT","2021-05-09","Directorate General for Health via Data Science for Social Good","https://github.com/dssg-pt/covid19pt-data","vaccines3","Pfizer/BioNTech"
"Romania","ROU","2021-05-08","Government of Romania","https://datelazi.ro/","vaccines3","Oxford/AstraZeneca"
"Rwanda","RWA","2021-05-07","Ministry of Health","https://twitter.com/RwandaHealth/status/1390777126803156992/photo/1","vaccines3","Pfizer/BioNTech"
"Scotland","OWID_SCT","2021-05-08","Government of the United Kingdom","https://coronavirus.data.gov.uk/details/healthcare","vaccines3","Pfizer/BioNTech"
"Serbia","SRB","2021-05-09","Government of Serbia","https://vakcinacija.gov.rs/","vaccines3","Sinopharm/Beijing"
"Spain","ESP","2021-05-06","Ministry of Health","https://www.mscbs.gob.es/profesionales/saludPublica/ccayes/alertasActual/nCov/documentos/Informe_Comunicacion_20210507.ods","vaccines3","Oxford/AstraZeneca"
"Tunisia","TUN","2021-05-08","Ministry of Health","https://www.facebook.com/santetunisie.rns.tn/posts/4106526276053112","vaccines3","Sputnik V"
"Ukraine","UKR","2021-05-08","Ministry of Health","https://vaccination.covid19.gov.ua/","vaccines3","Sinovac"
"United Arab Emirates","ARE","2021-05-09","National Emergency Crisis and Disaster Management Authority","http://covid19.ncema.gov.ae/en","vaccines3","Sinopharm/Beijing"
"United Kingdom","GBR","2021-05-08","Government of the United Kingdom","https://coronavirus.data.gov.uk/details/healthcare","vaccines3","Pfizer/BioNTech"
"United States","USA","2021-05-09","Centers for Disease Control and Prevention","https://covid.cdc.gov/covid-data-tracker/#vaccinations","vaccines3","Pfizer/BioNTech"
"Uruguay","URY","2021-05-09","Ministry of Health","https://monitor.uruguaysevacuna.gub.uy/","vaccines3","Sinovac"
"Wales","OWID_WLS","2021-05-08","Government of the United Kingdom","https://coronavirus.data.gov.uk/details/healthcare","vaccines3","Pfizer/BioNTech"
"Albania","ALB","2021-05-08","Ministry of Health","https://twitter.com/GManastirliu/status/1391104178743828484","vaccines4","Sputnik V"
"Austria","AUT","2021-05-09","Ministry of Health","https://info.gesundheitsministerium.gv.at/opendata/","vaccines4","Pfizer/BioNTech"
"Bahrain","BHR","2021-05-09","Ministry of Health","https://healthalert.gov.bh/en/","vaccines4","Sputnik V"
"Belgium","BEL","2021-05-08","Sciensano","https://epistat.wiv-isp.be/covid/","vaccines4","Pfizer/BioNTech"
"Bosnia and Herzegovina","BIH","2021-04-27","Public Health Institute","https://www.klix.ba/vijesti/bih/kanton-sarajevo-ima-najveci-broj-vakcinisanih-u-odnosu-na-ostatak-federacije-bih/210501073","vaccines4","Sputnik V"
"Czechia","CZE","2021-05-09","Ministry of Health","https://onemocneni-aktualne.mzcr.cz/covid-19","vaccines4","Pfizer/BioNTech"
"France","FRA","2021-05-08","Public Health France","https://www.data.gouv.fr/fr/datasets/donnees-relatives-aux-personnes-vaccinees-contre-la-covid-19-1/","vaccines4","Pfizer/BioNTech"
"Germany","DEU","2021-05-07","Robert Koch Institut","https://impfdashboard.de/","vaccines4","Pfizer/BioNTech"
"Hungary","HUN","2021-05-09","Government of Hungary","https://koronavirus.gov.hu/cikkek/4-millio-306-ezer-beoltott-677-az-uj-fertozott-elhunyt-91-beteg","vaccines4","Sinopharm/Beijing"
"Ireland","IRL","2021-05-07","Heath Service Executive","https://covid19ireland-geohive.hub.arcgis.com/","vaccines4","Pfizer/BioNTech"
"Italy","ITA","2021-05-09","Extraordinary commissioner for the Covid-19 emergency","https://raw.githubusercontent.com/italia/covid19-opendata-vaccini/master/dati/somministrazioni-vaccini-latest.csv","vaccines4","Pfizer/BioNTech"
"Latvia","LVA","2021-05-09","National Health Service","https://data.gov.lv/dati/eng/dataset/covid19-vakcinacijas","vaccines4","Pfizer/BioNTech"
"Lebanon","LBN","2021-05-06","Government of Lebanon","https://impact.cib.gov.lb/home/dashboard/vaccine","vaccines4","Sputnik V"
"Lithuania","LTU","2021-05-09","Ministry of Health","https://experience.arcgis.com/experience/cab84dcfe0464c2a8050a78f817924ca/page/page_3/","vaccines4","Pfizer/BioNTech"
"Mexico","MEX","2021-05-08","Secretary of Health","https://www.gob.mx/salud/prensa/187-mas-de-un-millon-de-personas-de-50-a-59-anos-vacunadas-en-una-semana-contra-covid-19?idiom=es","vaccines4","Sinovac"
"Mongolia","MNG","2021-05-09","Ministry of Health via ikon.mn","https://ikon.mn/","vaccines4","Sputnik V"
"Montenegro","MNE","2021-05-09","Government of Montenegro","https://www.covidodgovor.me/","vaccines4","Sputnik V"
"Netherlands","NLD","2021-05-02","National Institute for Public Health and the Environment","https://www.rivm.nl/covid-19-vaccinatie/cijfers-vaccinatieprogramma","vaccines4","Pfizer/BioNTech"
"Pakistan","PAK","2021-05-06","National Command and Operation Centre","https://twitter.com/OfficialNcoc/status/1390600240185679872","vaccines4","Sputnik V"
"Poland","POL","2021-05-08","Ministry of Health","https://www.gov.pl/web/szczepimysie/raport-szczepien-przeciwko-covid-19","vaccines4","Pfizer/BioNTech"
"Romania","ROU","2021-05-08","Government of Romania","https://datelazi.ro/","vaccines4","Pfizer/BioNTech"
"Serbia","SRB","2021-05-09","Government of Serbia","https://vakcinacija.gov.rs/","vaccines4","Sputnik V"
"Spain","ESP","2021-05-06","Ministry of Health","https://www.mscbs.gob.es/profesionales/saludPublica/ccayes/alertasActual/nCov/documentos/Informe_Comunicacion_20210507.ods","vaccines4","Pfizer/BioNTech"
"United Arab Emirates","ARE","2021-05-09","National Emergency Crisis and Disaster Management Authority","http://covid19.ncema.gov.ae/en","vaccines4","Sinopharm/Wuhan"
"Hungary","HUN","2021-05-09","Government of Hungary","https://koronavirus.gov.hu/cikkek/4-millio-306-ezer-beoltott-677-az-uj-fertozott-elhunyt-91-beteg","vaccines5","Sputnik V"
"Mexico","MEX","2021-05-08","Secretary of Health","https://www.gob.mx/salud/prensa/187-mas-de-un-millon-de-personas-de-50-a-59-anos-vacunadas-en-una-semana-contra-covid-19?idiom=es","vaccines5","Sputnik V"
"United Arab Emirates","ARE","2021-05-09","National Emergency Crisis and Disaster Management Authority","http://covid19.ncema.gov.ae/en","vaccines5","Sputnik V"
